PASS,1


---------------,---------------,---------------,---------------,---------------,---------------,---------------,---------------,---------------,---------------,---------------,---------------,---------------,---------------,---------------
A21 AC,A105 QT,A134 QT,A87 QT,A20 AC,A167 QT, ,A45 AC,A172 QT,A68 AC, ,C35 ,C41 ,C3 ,A1 AC
C38 ,C11 , ,A17 AC,A54 QT,A169 QT,A10 AC,A33 QT,A78 AC,A124 AC,C32 ,A83 QT,A77 QT,A52 AC,A32 AC
A46 QT, ,A164 QT,A26 AC,A9 QT,A168 AC, ,A114 AC,A39 QT,A132 AC,C18 , ,A6 QT,A67 QT,A157 AC
C39 ,A131 QT,A57 AC,C5 ,A34 QT,A109 QT,C26 ,A80 AC, ,A65 QT,A24 AC, ,A115 QT,A59 QT, 
C10 ,A96 QT,A121 QT,A104 QT, ,C21 ,C12 , ,A116 AC, ,C22 ,A13 QT,A106 QT,C34 , 
A92 QT, , , ,A149 AC,C15 ,A27 AC,C24 , ,C14 ,A11 QT,C33 ,A75 AC, ,C2 
 ,A151 QT,A18 QT,A117 QT, ,A160 AC,A82 AC,A19 QT,A137 AC, ,A122 AC,A55 AC,C27 ,A89 AC,A37 AC
C42 ,C1 ,A48 QT, ,C4 ,C6 , ,A47 QT, ,A16 AC,C19 ,A126 AC,A7 AC,A79 QT, 
 ,A166 QT,A173 QT,A158 AC,C9 ,A38 AC, ,A125 AC, ,A156 AC,A23 QT,A58 QT,C31 ,C40 ,C43 
C44 ,A41 QT, ,C16 ,C7 ,A3 QT,A165 AC,A112 QT,A180 AC,C23 , ,A15 QT,A99 AC,A118 AC, 
A84 QT,A128 AC, ,A152 QT,A171 QT,A81 QT,A146 AC, ,A42 QT, ,A153 QT,A90 AC,A179 AC, ,A177 AC
A154 AC,A2 QT,A141 AC,A103 AC,A22 QT,A139 AC,C28 , , , ,A148 QT,C25 ,A66 QT,A25 AC,A107 QT
A145 AC,A101 QT,C45 ,A95 QT,A147 QT,C13 ,A135 QT,A178 QT,A150 AC,A163 QT,A144 AC, , ,C36 , 
A100 QT,A159 QT,A30 AC,A35 QT,A136 AC,A119 QT, ,A93 AC,A170 AC,A76 AC,C20 ,C30 ,C29 ,A142 AC,C8 
A130 AC,A123 AC,A40 QT,A155 AC,A5 AC,A161 AC,A61 AC,A44 QT,C17 ,C37 , , , ,A102 QT,A62 QT
---------------,---------------,---------------,---------------,---------------,---------------,---------------,---------------,---------------,---------------,---------------,---------------,---------------,---------------,---------------


PASS,2


---------------,---------------,---------------,---------------,---------------,---------------,---------------,---------------,---------------,---------------,---------------,---------------,---------------,---------------,---------------
C10 ,A147 AC,A145 AC,A95 AC,A45 AC, ,A17 AC,C15 , , ,C37 , , ,A36 QT,C35 
 , ,A35 AC,A20 AC,A105 AC, ,A26 AC,C12 , , , , ,C8 ,A83 AC,C1 
C34 ,A9 AC, ,C6 ,A10 AC, ,C4 ,C26 , ,A172 AC, ,A68 AC,C41 ,C11 ,A56 QT
 , ,C5 , ,C17 ,A114 AC,A71 QT,A116 AC, ,A115 AC,C23 ,A32 AC,C32 ,A89 AC,A55 AC
 , ,A168 AC, ,A33 AC, ,A133 QT,A160 AC, ,A126 AC, ,C14 , , ,A6 AC
A104 AC,A34 AC,A131 AC,A82 AC,A151 AC, ,A174 QT, ,A19 AC, ,C22 , ,A79 AC,C40 , 
A7 AC, ,C38 ,A121 AC,A57 AC,A173 AC,A125 AC,C21 , ,C31 ,A108 QT, ,A111 QT,A92 AC,A48 AC
A14 QT,A98 QT,C13 ,A3 AC, , ,A81 QT, ,A90 AC,A47 AC, ,C43 ,C39 ,C24 ,C2 
C30 , ,A60 QT,A165 AC, ,A141 AC, ,A171 AC,A42 AC, ,A179 AC,A75 AC,A53 QT, ,A49 QT
 ,C7 ,A2 AC, , ,A18 AC,A127 QT,A146 AC, ,A176 QT,A16 AC,C44 ,C33 ,A154 AC,A66 AC
A152 AC,A142 AC,A41 AC,A159 AC, ,C9 , ,A22 AC,A58 AC,C42 , ,A107 AC,A63 QT,C16 , 
A158 AC,A5 AC,C28 ,A128 AC,A30 AC,A150 AC, ,A76 AC,C25 ,A15 AC,A175 QT, ,A102 AC,C29 , 
A177 AC, , ,A119 AC,A167 AC, ,C20 ,A51 QT,A161 AC,C19 ,A163 AC,A180 AC,C27 , ,C45 
 , ,A100 AC,A123 AC, ,A169 AC,A78 AC,C18 , ,C36 , , , ,A144 AC, 
 ,A136 AC,A46 AC,A164 AC,A101 AC,A140 QT,A178 AC,A61 AC, , ,A39 AC,C3 ,A25 AC,A148 AC, 
---------------,---------------,---------------,---------------,---------------,---------------,---------------,---------------,---------------,---------------,---------------,---------------,---------------,---------------,---------------


PASS,3


---------------,---------------,---------------,---------------,---------------,---------------,---------------,---------------,---------------,---------------,---------------,---------------,---------------,---------------,---------------
 , , ,A101 AC,C42 ,A61 AC, , , ,C8 , ,A117 QT, , , 
 ,C11 ,A123 AC,C10 ,A147 AC, , , ,C37 ,C26 , ,A94 QT, , , 
 ,A88 QT,A46 AC,A54 QT,C5 ,C31 , , ,C4 , , , , ,A8 QT,C23 
A104 AC,A10 AC, ,A34 AC,A166 QT,A145 AC,A135 QT, ,A133 AC, , ,C38 , , , 
C2 ,A6 AC, , ,A174 AC,A26 AC,A173 AC, ,A81 AC, ,A172 AC, , , , 
 ,A48 AC,A165 AC, ,A160 AC,A114 AC, ,C22 ,A68 AC,A47 AC, ,C21 ,C39 , ,C14 
C34 ,A43 QT, ,A131 AC,A71 AC, ,C32 , ,A108 AC, ,C1 , , , ,C30 
C41 ,C27 , ,A14 AC,A18 AC,C17 , ,A16 AC,C19 ,A176 AC,A19 AC, , , , 
 ,C24 ,A141 AC, ,C9 , ,A42 AC, ,A75 AC,A15 AC, , , ,C43 ,A111 AC
A7 AC, ,C13 ,A159 AC,C20 ,A30 AC, ,A161 AC, , , , , ,A52 QT, 
 ,A154 AC,A49 AC, ,A2 AC, ,A22 AC,C44 ,C33 , ,C40 ,A139 QT,A152 AC,A112 QT,A60 AC
A164 AC, , ,A140 AC,C35 , ,C6 ,C18 , ,A53 AC, ,A102 AC,A144 AC,A11 QT,C25 
 , ,C45 ,A136 AC, ,A51 AC, ,A150 AC,C16 , , ,A85 QT, ,A63 AC, 
C29 ,C3 ,A158 AC,C28 , ,A178 AC,C15 , ,A76 AC, ,A58 AC,A73 QT,A138 QT,A177 AC,A25 AC
C7 , , ,A169 AC, ,A62 QT, , ,C12 , , , ,A36 AC,C36 ,A148 AC
---------------,---------------,---------------,---------------,---------------,---------------,---------------,---------------,---------------,---------------,---------------,---------------,---------------,---------------,---------------


PASS,4


---------------,---------------,---------------,---------------,---------------,---------------,---------------,---------------,---------------,---------------,---------------,---------------,---------------,---------------,---------------
A54 AC,A179 QT,A61 AC,C31 , , , , , , , ,A148 AC,C12 ,A94 AC,A120 QT
C5 , , ,A142 QT, ,C16 ,C15 ,A81 AC, , , ,C1 ,A72 QT,A6 AC,C36 
 ,C23 ,A145 AC,A101 AC, , ,A55 QT,A69 QT, , , ,C19 ,A156 QT,A36 AC, 
 , ,A48 AC, ,A127 QT,A160 AC,A174 AC, , ,C21 ,A108 AC, , , ,C30 
 ,C27 ,C17 ,C4 , ,A165 AC, ,A56 QT,C22 , ,A107 QT, ,C37 , , 
 , , ,C32 ,A99 QT,A57 QT,A68 AC,A119 QT, ,C38 , ,A50 QT, , , 
 ,C11 ,C2 ,C20 ,A92 QT, , ,A80 QT, ,C33 , ,A75 AC, , , 
 , , , ,C10 , , ,C9 , , , , , , , 
 , , ,A131 AC,A24 QT, ,A47 AC,C6 , ,A19 AC,C34 ,A118 QT,C41 ,A90 QT,A139 AC
 ,C43 , ,A93 QT,A66 QT,A140 AC, , ,A15 AC, ,C39 , , ,C13 ,C14 
A49 AC, ,A51 AC,C44 ,A150 AC,C35 , , , ,C18 , ,C3 ,A29 QT, , 
 ,C7 ,A164 AC,A159 AC,A95 QT, , , ,A42 AC, ,C42 , , ,C29 , 
A52 AC,C28 , , ,A30 AC, ,A91 QT, , ,A5 QT,C26 ,A17 QT, ,C24 , 
 ,A132 QT, , , , , , , , , ,A76 AC,C25 , ,A177 AC
 ,A153 QT,C45 , , ,A178 AC,A62 AC, ,A70 QT,A67 QT,C8 ,C40 , , , 
---------------,---------------,---------------,---------------,---------------,---------------,---------------,---------------,---------------,---------------,---------------,---------------,---------------,---------------,---------------


PASS,5


---------------,---------------,---------------,---------------,---------------,---------------,---------------,---------------,---------------,---------------,---------------,---------------,---------------,---------------,---------------
 ,A173 QT,A143 QT, ,A30 AC, , ,A5 AC,C8 , ,C5 , ,A14 QT, ,C27 
 ,C7 ,A2 QT,A145 AC,A174 AC,A105 QT, , ,A20 QT,C24 ,C25 , ,A28 QT,A108 AC, 
A54 AC, ,A129 QT,C36 , , ,C21 , , ,C1 ,A50 AC,A110 QT, ,A120 AC, 
A31 QT,C17 ,A99 AC,C32 ,A58 QT, ,A59 QT,A74 QT,C37 , , ,C19 ,A39 QT,C13 ,A83 QT
 , ,A138 QT,A109 QT, ,A77 QT,A160 AC, , , , , ,A46 QT,A18 QT,C30 
C4 , ,A116 QT, , ,A25 QT, , ,C2 ,A73 QT, ,A40 QT, , ,A48 AC
A12 QT, , , ,C39 ,C9 ,C20 , ,C18 , , , , , ,C38 
 , ,A93 AC,A24 AC, ,A121 QT, , ,C3 , , , , ,C22 ,A122 QT
 ,C11 , , , ,A45 QT,A92 QT, ,A170 QT,A10 QT, ,A113 QT, ,A34 QT,A136 QT
A49 AC, ,A95 QT,A13 QT, ,A162 QT, ,A78 QT, , , , , , , 
 ,A176 QT,A152 QT, ,A103 QT,A154 QT,C6 , ,C29 ,A3 QT, , , ,A64 QT, 
A86 QT, , ,A124 QT,C10 ,C43 , ,C42 ,A67 QT,C14 , ,C41 ,C34 , ,A96 QT
C26 , ,C35 , , , ,A97 QT,C33 ,A158 QT, , , , , ,C23 
A155 QT,A150 AC,C28 ,C31 ,C15 , , ,A38 QT, , , ,C40 ,A27 QT,A33 QT, 
A4 QT, , ,C16 ,C44 , , , ,A37 QT,A91 AC, , , ,C45 ,C12 
---------------,---------------,---------------,---------------,---------------,---------------,---------------,---------------,---------------,---------------,---------------,---------------,---------------,---------------,---------------


PASS,6


---------------,---------------,---------------,---------------,---------------,---------------,---------------,---------------,---------------,---------------,---------------,---------------,---------------,---------------,---------------
A33 QT, , , , , , ,A91 AC, ,C24 , , , ,C40 , 
A2 QT,A118 QT,A44 QT,A173 AC, ,C36 ,C9 , , , , ,A18 QT,A131 QT, , 
A100 QT,C4 ,A85 QT, ,C31 ,C37 , , ,C27 ,A157 QT, ,A106 QT,C22 ,A126 QT,A4 AC
C23 , , , ,A77 QT,A74 AC,A105 AC, , ,A141 QT,C5 ,A149 QT, , , 
C13 , , ,A137 QT,C39 ,C7 , , , , ,C17 , , , , 
 ,C19 ,C38 ,C32 , , , , , , ,A40 QT,A147 QT,A120 AC, ,A116 AC
 ,A58 AC, , ,A82 QT,A17 QT,A134 QT,C2 , ,A73 AC,A39 QT, ,C30 ,A172 QT, 
A93 AC, , , , , , , , ,A3 QT,C43 , ,A46 QT, ,A21 QT
A117 QT, , ,C29 ,C10 ,A65 QT,C18 , , , ,A127 QT, ,C6 ,C26 , 
 , , ,A92 QT,A13 QT,A63 QT,A97 AC,A162 AC,A114 QT,A130 QT,A180 QT,C34 ,C42 ,C14 , 
 , , ,A95 QT, ,C25 ,A84 QT, , , ,A67 QT, , ,C3 ,A96 AC
A123 QT,C28 ,C21 , , , ,A146 QT, , , ,C20 , , ,C16 ,C11 
 , , ,A167 QT, , , ,A41 QT, , , , , , , 
 ,A1 QT, , ,A23 QT,A104 QT,C44 ,C15 , ,C1 , ,A71 QT,C8 ,C35 ,A87 QT
C12 ,A140 QT,C33 , , ,A143 AC,A145 AC, ,C41 , ,C45 , , ,A43 QT,A88 QT
---------------,---------------,---------------,---------------,---------------,---------------,---------------,---------------,---------------,---------------,---------------,---------------,---------------,---------------,---------------


PASS,7


---------------,---------------,---------------,---------------,---------------,---------------,---------------,---------------,---------------,---------------,---------------,---------------,---------------,---------------,---------------
C20 , , ,C15 ,A89 QT,C33 , , ,C1 ,A99 QT, ,A165 QT, , ,C12 
 , ,A77 QT, ,C4 , , ,C36 , , ,C45 ,A106 QT,A169 QT, , 
C31 , , ,A79 QT, , , , ,A35 QT, ,C9 , , ,A159 QT,A44 QT
 ,C23 , , , ,A134 QT, ,C5 , ,A163 QT, , ,A40 QT, , 
 , , , , , , , ,C24 ,C30 ,A110 QT, ,A100 QT,A2 QT,A98 QT
A109 QT,A22 QT, , , ,A86 QT,C43 , , , , , ,A76 QT,C19 ,C22 
A155 QT,A144 QT,C26 ,A175 QT, , , , , ,C34 ,A172 QT,C42 , , , 
 , ,C2 , , ,C25 ,C7 ,C29 , ,A9 QT,A168 QT,A60 QT, ,A46 QT,A147 QT
 , ,C16 ,A101 QT,A151 QT,A139 QT, ,A39 QT, ,C17 , ,A3 QT, , ,C13 
 , , ,A93 AC,A113 QT, ,A11 QT, , ,C18 , , , , , 
A95 QT,A32 QT,A128 QT, ,C32 ,A161 QT,C41 ,C38 , , ,C28 ,C3 , ,A26 QT, 
 , ,A20 QT,C21 , ,A23 AC, , ,A41 QT, , ,A70 QT, ,A158 QT,A68 QT
 , ,C11 , , ,A92 QT, ,C44 ,C10 ,C35 ,C27 ,C8 , ,C6 , 
 ,C40 , , ,A5 QT, ,A53 QT, , , ,A67 QT, , , ,A131 QT
 ,A115 QT,A171 QT,C37 ,C39 , ,A167 AC,A124 QT, ,A125 QT,A66 QT,A87 QT,C14 , , 
---------------,---------------,---------------,---------------,---------------,---------------,---------------,---------------,---------------,---------------,---------------,---------------,---------------,---------------,---------------


PASS,8


---------------,---------------,---------------,---------------,---------------,---------------,---------------,---------------,---------------,---------------,---------------,---------------,---------------,---------------,---------------
 ,A44 QT, ,A7 QT, , , ,A67 QT,C44 ,A169 QT,C9 , ,A40 QT, ,A117 QT
 , ,C40 ,C39 , , , , ,A21 QT,A35 QT, , ,C14 ,A66 QT,C1 
 ,C22 ,A156 QT, , , ,C24 ,A15 QT,C33 ,A87 QT,A178 QT,A106 QT, , ,A115 QT
C20 , ,A25 QT, , ,C36 ,A54 QT,C34 , , ,A2 QT,A4 QT, , ,A100 QT
A77 QT, , ,A75 QT,C5 ,A174 QT, ,A163 QT, ,A78 QT, ,A133 QT, ,A90 QT,A141 QT
 , ,A74 QT,A22 QT, , ,A69 QT,A134 QT, ,C19 ,A159 QT,A71 QT,C18 , , 
 , , ,A28 QT, , ,A30 QT,A151 QT,A39 QT, , , ,A109 QT, ,C15 
 ,C23 , , , , , , ,A11 QT,A105 QT,A172 QT,A48 QT,A46 QT,C26 ,C42 
C31 ,C11 , ,C17 , ,C43 ,A6 QT, ,C29 , , ,A18 QT,A3 QT,C30 , 
C13 , ,C25 ,A95 QT,A136 QT,C41 ,A154 QT, ,C7 ,A111 QT,A9 QT, ,A13 QT,C35 ,A64 QT
A101 QT,A103 QT, , , ,A50 QT, ,A14 QT, ,A16 QT, ,A45 QT,A12 QT,A147 QT,A131 QT
C16 ,A102 QT, , ,C2 ,A41 QT,C37 , ,A92 QT, , ,A8 QT, , ,C12 
C28 ,A94 QT,A107 QT,A176 QT,C32 ,C38 , ,A83 QT,A96 QT, , ,A145 QT, , ,A108 QT
 ,A65 QT, ,C21 ,C4 ,C10 , ,C3 ,C27 ,C8 ,A112 QT, ,A10 QT, , 
 , , , ,A135 QT,A79 QT, ,A166 QT, ,C45 ,C6 , ,A19 QT, ,A171 QT
---------------,---------------,---------------,---------------,---------------,---------------,---------------,---------------,---------------,---------------,---------------,---------------,---------------,---------------,---------------


PASS,9


---------------,---------------,---------------,---------------,---------------,---------------,---------------,---------------,---------------,---------------,---------------,---------------,---------------,---------------,---------------
 ,A66 QT,A117 QT, ,C27 , ,A135 QT,A166 QT,A59 QT, ,C44 ,C3 ,A51 QT,A40 QT,A152 QT
 ,C39 , , , ,C32 ,C24 ,C34 ,A169 QT,A54 QT,A15 QT,C19 , ,A171 QT,A130 QT
A19 QT, ,C36 ,A77 QT,C33 ,A134 QT,A153 QT,A79 QT,A99 QT, , ,A178 QT,A35 QT,A140 QT, 
 , ,A82 QT,C5 , , , , ,A67 QT,A2 QT,A126 QT,C9 ,A87 QT,A81 QT,A56 QT
 ,A100 QT,C42 ,A24 QT,A37 QT, ,A11 QT,A150 QT, ,A80 QT,A39 QT, ,A106 QT,C18 ,A52 QT
C1 ,A33 QT,A119 QT, ,C15 , , , ,A172 QT,A49 QT,A179 QT,A115 QT,C26 ,A43 QT,A116 QT
A13 QT, ,A95 QT, ,A22 QT,C17 , ,A149 QT,C37 ,A105 QT,A163 QT,A46 QT,C20 ,C12 ,C35 
 , ,A29 QT, , , ,A164 QT, ,C2 , , , ,A101 QT, , 
 ,A73 QT,C11 ,A55 QT,A6 QT, , ,A36 QT,A62 QT,A48 QT,A3 QT,A159 QT,C16 , ,A177 QT
 ,A147 QT, , ,A151 QT, ,A139 QT,C38 ,C43 , ,A109 QT,A18 QT, , ,C28 
A132 QT, ,A41 QT,A180 QT,C25 ,A107 QT,A148 QT,C29 , , ,A142 QT,A72 QT,C23 ,A76 QT, 
A85 QT,A47 QT,C31 ,A102 QT,A127 QT,A61 QT,A34 QT, ,A70 QT,A92 QT,A9 QT,C6 ,C30 , , 
 ,C21 ,C41 , , ,A162 QT,C7 , ,A57 QT, ,A83 QT, ,C14 , ,A68 QT
A44 QT,C13 ,A131 QT, ,C40 , ,C4 , ,C45 , , ,C22 ,C8 , , 
A129 QT, , ,C10 , ,A42 QT, , ,A96 QT, , ,A112 QT, ,A65 QT, 
---------------,---------------,---------------,---------------,---------------,---------------,---------------,---------------,---------------,---------------,---------------,---------------,---------------,---------------,---------------


PASS,10


---------------,---------------,---------------,---------------,---------------,---------------,---------------,---------------,---------------,---------------,---------------,---------------,---------------,---------------,---------------
A65 QT,A131 QT, , , ,C6 , , , ,A15 QT,A133 QT,A98 QT,A54 QT,C39 ,A178 QT
A35 QT, , ,A66 QT,A21 QT, , ,C44 , ,A166 QT,A39 QT, , , ,A121 QT
A106 QT,A33 QT, , , ,C5 ,A169 QT,A153 QT,A134 QT,A115 QT,A2 QT, ,C22 ,C33 ,A40 QT
A77 QT,A22 QT,C2 , , ,A79 QT,A11 QT,C32 , ,A135 QT,A125 QT, ,C42 , ,A81 QT
A19 QT, , ,A100 QT, ,A138 QT,C34 , ,C17 ,C8 ,C18 ,C38 ,C19 ,A160 QT, 
 , , ,A95 QT,C36 , ,C1 ,A3 QT, ,A67 QT,A113 QT,A27 QT, ,A87 QT,A119 QT
C35 ,A128 QT, , ,C15 , , ,A111 QT, ,A163 QT,A172 QT,C16 , ,A90 QT, 
A147 QT, ,A151 QT,A154 QT, , , ,A6 QT, ,A101 QT,C9 ,C28 , ,A18 QT,A13 QT
C23 , , ,A102 QT,A41 QT,A62 QT,A105 QT,C37 , , ,A46 QT,A124 QT, ,C11 , 
C26 , ,C14 ,A148 QT, ,C25 , , , ,C20 , , ,A159 QT,C12 , 
A170 QT,C3 ,A118 QT,C31 ,A23 QT,A164 QT, ,C43 ,C29 ,A114 QT,A20 QT,A92 QT, ,A141 QT,A5 QT
A91 QT,C21 ,A104 QT,A156 QT, , ,A107 QT,A31 QT,A109 QT, ,A48 QT, , ,A44 QT, 
 ,C41 ,A86 QT, ,A42 QT, ,A38 QT,C7 ,A122 QT, ,A96 QT,C45 , ,C10 ,A97 QT
 ,C40 ,A152 QT, , ,C13 ,A167 QT, , ,A34 QT,A83 QT, , , ,A47 QT
 ,A117 QT,C24 ,A25 QT,C27 ,A59 QT, ,A9 QT,A173 QT, ,C4 ,A171 QT, ,A112 QT,C30 
---------------,---------------,---------------,---------------,---------------,---------------,---------------,---------------,---------------,---------------,---------------,---------------,---------------,---------------,---------------


